,title ,reviews ,rating
0,100 Days of Code: The Complete Python Pro Bootcamp for 2022,143948,4.6987195
1,2022 Complete Python Bootcamp From Zero to Hero in Python,436983,4.6108346
2,Complete Python Developer in 2022: Zero to Mastery,41356,4.640381
3,Learn Python Programming Masterclass,93820,4.5724063
4,Python for Data Science and Machine Learning Bootcamp,121413,4.6223316
5,The Python Mega Course: Build 10 Real World Applications,59107,4.6312504
6,The Complete Python Course | Learn Python by Doing in 2022,18103,4.6063485
7,Python for Absolute Beginners,22917,4.496334
8,Python for beginners,20987,4.3825507
9,TOTAL Python: Become an Advanced Python Developer in 16 days,1511,4.6448545
10,The Modern Python 3 Bootcamp,27025,4.672352
11,Automate the Boring Stuff with Python Programming,102935,4.6601243
12,The Python Bible™ | Everything You Need to Program in Python,43302,4.654593
13,Python Complete Masterclass for Beginners,4267,4.499866
14,2022 Python for Machine Learning & Data Science Masterclass,9530,4.6733193
15,Learn to Code with Python,4541,4.631328
16,Python and Django Full Stack Web Developer Bootcamp,45015,4.500282
17,Python 3: Deep Dive (Part 1 - Functional),8557,4.7968874
18,Machine Learning A-Z™: Hands-On Python & R In Data Science,162531,4.540448
19,The Data Science Course 2022: Complete Data Science Bootcamp,113490,4.6184177
20,Learn Complete Python In Simple Way,4675,4.6844425
21,Python PCEP: Become Certified Entry-Level Python Programmer,1267,4.629614
22,Learn Python by making games,327,4.8572702
23,Advanced Python Programming: Build 10 OOP Applications,1943,4.5304093
24,Data Analysis with Pandas and Python,17895,4.61562
25,Automate Everything with Python,701,4.695053
26,Python A-Z™: Python For Data Science With Real Exercises!,24914,4.6300716
27,The Complete Data Structures and Algorithms Course in Python,4567,4.4904294
28,Complete Python Programming Masterclass Beginner to Advanced,7283,4.592231
29,Python for Finance: Investment Fundamentals & Data Analytics,25062,4.59066
30,One Week Python,1107,4.7768764
31,Learn Python: The Complete Python Programming Course,3539,4.3350277
32,Python for Beginners,7894,4.5512366
33,Learn Pro Advanced Python Programming,432,4.6262007
34,Python for Beginners: Learn Python Programming (Python 3),31277,4.4762034
35,Complete Machine Learning & Data Science Bootcamp 2022,12657,4.5999417
36,REST APIs with Flask and Python in 2022,18382,4.630535
37,Selenium Webdriver with PYTHON from Scratch + Frameworks,11722,4.570515
38,Master Python programming by solving scientific projects,810,4.7573686
39,Make 20 Advanced Level Applications in Python,317,4.5246916
40,Python for Absolute Beginners: Learn Python in a Week!,1239,4.3022294
41,Spark and Python for Big Data with PySpark,19693,4.5584183
42,Python : Master Programming and Development with 15 Projects,12859,4.3031836
43,Learning Python for Data Analysis and Visualization,18293,4.3670387
44,Python for Absolute Beginners | Python Beginner to Pro 2022,4571,4.5778723
45,"Python Hands-On 46 Hours, 210 Exercises, 5 Projects, 2 Exams",480,4.3403397
46,Python Programming Bootcamp,2236,4.6123223
47,The Complete Python Masterclass: Learn Python From Scratch,6836,4.356571
48,Learn Advanced Python Programming,205,4.7502227
49,NLP - Natural Language Processing with Python,11969,4.6105576
50,Python 3: Deep Dive (Part 4 - OOP),2093,4.8028784
51,Interactive Python Dashboards with Plotly and Dash,7775,4.672078
52,The Complete Python Masterclass : Become a Python Engineer,257,4.468729
53,Python for Programmers,2878,4.5303564
54,The Data Analyst Course: Complete Data Analyst Bootcamp 2022,5340,4.5397396
55,A deep understanding of deep learning (with Python intro),1176,4.7632184
56,Python Network Programming for Network Engineers (Python 3),7832,4.68586
57,Learn Advanced Python Programming,792,4.3796635
58,Python for Beginners with Examples,9362,4.213203
59,Python Programming MADE EASY :Python Programming in Python 3,5546,4.614527
